{
  "collapse-filter": false,
  "search": "",
  "showTags": false,
  "showAttachments": false,
  "hideUnresolved": false,
  "showOrphans": true,
  "collapse-color-groups": false,
  "colorGroups": [
    {
      "query": "path:Characters",
      "color": {
        "a": 1,
        "rgb": 5399264
      }
    },
    {
      "query": "path:Events",
      "color": {
        "a": 1,
        "rgb": 5431406
      }
    },
    {
      "query": "path:Relationships",
      "color": {
        "a": 1,
        "rgb": 14701145
      }
    },
    {
      "query": "path:Chapters",
      "color": {
        "a": 1,
        "rgb": 14731602
      }
    }
  ],
  "collapse-display": true,
  "showArrow": true,
  "textFadeMultiplier": 0.2,
  "nodeSizeMultiplier": 0.743716804158662,
  "lineSizeMultiplier": 0.903192451124421,
  "collapse-forces": false,
  "centerStrength": 0.673804949711832,
  "repelStrength": 20,
  "linkStrength": 1,
  "linkDistance": 30,
  "scale": 0.7132754626224461,
  "close": true
}