{
  "main": {
    "id": "98c3aaf6c0aea013",
    "type": "split",
    "children": [
      {
        "id": "d10895cb5fba1ec7",
        "type": "tabs",
        "children": [
          {
            "id": "74e1e7d31181482c",
            "type": "leaf",
            "state": {
              "type": "markdown",
              "state": {
                "file": "Chapters/Chapter 1.md",
                "mode": "source",
                "source": false
              }
            }
          },
          {
            "id": "86ce9f96b248bedc",
            "type": "leaf",
            "state": {
              "type": "markdown",
              "state": {
                "file": "Chapters/Chapter 2.md",
                "mode": "source",
                "source": false
              }
            }
          },
          {
            "id": "d975c77315505f99",
            "type": "leaf",
            "state": {
              "type": "markdown",
              "state": {
                "file": "Events/Drinking at a Bar.md",
                "mode": "source",
                "source": false
              }
            }
          },
          {
            "id": "abf3daf11939ebed",
            "type": "leaf",
            "state": {
              "type": "markdown",
              "state": {
                "file": "Characters/Tyler Leander.md",
                "mode": "source",
                "source": false
              }
            }
          },
          {
            "id": "6cea7a17f4bd9de4",
            "type": "leaf",
            "state": {
              "type": "markdown",
              "state": {
                "file": "Characters/Tyler Leander.md",
                "mode": "source",
                "source": false
              }
            }
          },
          {
            "id": "1d0d1f01a4d370a0",
            "type": "leaf",
            "state": {
              "type": "graph",
              "state": {}
            }
          },
          {
            "id": "b86dae1b99c722aa",
            "type": "leaf",
            "state": {
              "type": "markdown",
              "state": {
                "file": "Characters/Kirsten Raymonde.md",
                "mode": "source",
                "source": false
              }
            }
          }
        ],
        "currentTab": 3
      }
    ],
    "direction": "vertical"
  },
  "left": {
    "id": "95463440f5b5a001",
    "type": "split",
    "children": [
      {
        "id": "0fae018da053125a",
        "type": "tabs",
        "children": [
          {
            "id": "79fe409a6682d21d",
            "type": "leaf",
            "state": {
              "type": "file-explorer",
              "state": {
                "sortOrder": "alphabetical"
              }
            }
          },
          {
            "id": "058caa6701f45993",
            "type": "leaf",
            "state": {
              "type": "search",
              "state": {
                "query": "",
                "matchingCase": false,
                "explainSearch": false,
                "collapseAll": false,
                "extraContext": false,
                "sortOrder": "alphabetical"
              }
            }
          },
          {
            "id": "80184fc3d713d040",
            "type": "leaf",
            "state": {
              "type": "starred",
              "state": {}
            }
          }
        ]
      }
    ],
    "direction": "horizontal",
    "width": 300
  },
  "right": {
    "id": "19e8fb0a1e5a2255",
    "type": "split",
    "children": [
      {
        "id": "83a0edb54eb92020",
        "type": "tabs",
        "children": [
          {
            "id": "e50ebf4c00e899d3",
            "type": "leaf",
            "state": {
              "type": "backlink",
              "state": {
                "file": "Characters/Tyler Leander.md",
                "collapseAll": false,
                "extraContext": false,
                "sortOrder": "alphabetical",
                "showSearch": false,
                "searchQuery": "",
                "backlinkCollapsed": false,
                "unlinkedCollapsed": true
              }
            }
          },
          {
            "id": "055ec221e56eef88",
            "type": "leaf",
            "state": {
              "type": "outgoing-link",
              "state": {
                "file": "Characters/Tyler Leander.md",
                "linksCollapsed": false,
                "unlinkedCollapsed": true
              }
            }
          },
          {
            "id": "74482b0452fc36b2",
            "type": "leaf",
            "state": {
              "type": "tag",
              "state": {
                "sortOrder": "frequency",
                "useHierarchy": true
              }
            }
          },
          {
            "id": "81bfd6e6ad60ad3a",
            "type": "leaf",
            "state": {
              "type": "outline",
              "state": {
                "file": "Characters/Tyler Leander.md"
              }
            }
          }
        ]
      }
    ],
    "direction": "horizontal",
    "width": 300,
    "collapsed": true
  },
  "left-ribbon": {
    "hiddenItems": {
      "switcher:Open quick switcher": false,
      "graph:Open graph view": false,
      "canvas:Create new canvas": false,
      "daily-notes:Open today's daily note": false,
      "templates:Insert template": false,
      "command-palette:Open command palette": false,
      "obsidian-markbase:Sync all Markbase projects": false
    }
  },
  "active": "79fe409a6682d21d",
  "lastOpenFiles": [
    "Wandering alone.md",
    "Events/Drinking at a Bar.md",
    "Characters/Tyler Leander.md",
    "Events/Finding Laura.md",
    "Chapters/Chapter 2.md",
    "Chapters/Chapter 1.md",
    "Events/Death of Arthur Leander.md",
    "Themes/Insignificance.md",
    "Themes/Relationships.md",
    "Characters/Tanya.md",
    "Characters/Kirsten Raymonde.md",
    "Characters/Arthur Leander.md",
    "Relationships/Kirsten Raymonde and Tanya.md",
    "Relationships/Jeevan Chaudhary and Kirsten Raymonde.md",
    "Themes/Calm Before The Storm.md",
    "Locations/Elgin Theatre.md",
    "Organizations/Traveling Symphony.md",
    "Relationships/Jeevan Chaudhary and Arthur Leander.md",
    "Relationships/Jeevan Chaudhary and Laura.md",
    "Relationships/Jeevan Chaudhary and Walter Jacobi.md",
    "Characters/Jeevan Chaudhary.md",
    "Characters/Walter Jacobi.md",
    "Themes/Death and Chaos.md",
    "Themes",
    "Locations/Toronto.md",
    "Characters/Laura.md",
    "Chapters",
    "Culture/King Lear.md",
    "Events/King Lear",
    "Culture",
    "Organizations",
    "Relationships",
    "Characters",
    "Locations",
    "Events"
  ]
}